Titulo,Empresa,Link,Página
PROGRAMA NOVOS TALENTOS 2027 - Stoneridge Brasil,Não informado,https://inatel.br/estudante/vagas/programa-novos-talentos-2027-stoneridge-brasil,1
Estágio de Desenvolvedor Full Stack -  Nimo Energia,Não informado,https://inatel.br/estudante/vagas/estagio-de-desenvolvedor-full-stack-nimo-energia,1
Estágio Engenharia de Sistemas - SMS group Brasil,Não informado,https://inatel.br/estudante/vagas/estagio-engenharia-de-sistemas-sms-group-brasil,1
Estagiário(a) Processos Nível Superior - Ball,Não informado,https://inatel.br/estudante/vagas/estagiarioa-processos-nivel-superior-ball,1
Estágio em Engenharia - Brady,Não informado,https://inatel.br/estudante/vagas/estagio-em-engenharia-brady,1
Estágio em Pós-Venda e Suporte ao Cliente - Vektor Fitness,Não informado,https://inatel.br/estudante/vagas/estagio-em-pos-venda-e-suporte-ao-cliente-vektor-fitness,1
Estagiário(a) de TI - Autaza,Não informado,https://inatel.br/estudante/vagas/estagiarioa-de-ti-autaza,1
Estagiário em Desenvolvimento de Soluções de Automação - I.R. Tech,Não informado,https://inatel.br/estudante/vagas/estagiario-em-desenvolvimento-de-solucoes-de-automacao-ir-tech,1
Desenvolvedor(a) com Inteligência Artificial - Nexi,Não informado,https://inatel.br/estudante/vagas/desenvolvedora-com-inteligencia-artificial-nexi,1
TRAINEE UNIVERSITÁRIO ENGENHARIA P&D -  Prática Produtos SA,Não informado,https://inatel.br/estudante/vagas/trainee-universitario-engenharia-pd-pratica-produtos-sa,1
Estagiário(a) de Engenharia Interface e Requisitos de Projeto - SYSTRA Brasil,Não informado,https://inatel.br/estudante/vagas/estagiarioa-de-engenharia-interface-e-requisitos-de-projeto-systra-brasil,1
Estagiário de engenharia elétrica - Santorini,Não informado,https://inatel.br/estudante/vagas/estagiario-de-engenharia-eletrica-santorini,1
Analista de Implantação - Gaudium,Não informado,https://inatel.br/estudante/vagas/analista-de-implantacao-gaudium,2
Estágio em Desenvolvimento de Negócios - Inatel,Não informado,https://inatel.br/estudante/vagas/estagio-em-desenvolvimento-de-negocios-inatel,2
Estágio de Férias Nacional 2026 - Itaú Unibanco,Não informado,https://inatel.br/estudante/vagas/estagio-de-ferias-nacional-2026-itau-unibanco,2
"Estagiário(a) em Tecnologia Automação, IA & Desenvolvimento - B4A",Não informado,https://inatel.br/estudante/vagas/estagiarioa-em-tecnologia-automacao-ia-desenvolvimento-b4a,2
Pessoa Estagiária Nível Superior Engenharia Industrial - Intelbras,Não informado,https://inatel.br/estudante/vagas/pessoa-estagiaria-nivel-superior-engenharia-industrial-intelbras,2
Estágio em Qualidade - Empresa Metagal,Não informado,https://inatel.br/estudante/vagas/estagio-em-qualidade-empresa-metagal,2
Estágio: Desenvolvedor de Software Mobile (Android & iOS) Foco em IoT - Opportunity Solutions,Não informado,https://inatel.br/estudante/vagas/estagio-desenvolvedor-de-software-mobile-android-ios-foco-em-iot-opportunity-solutions,2
Programa de Estágio GM 2027 (1º semestre),Não informado,https://inatel.br/estudante/vagas/programa-de-estagio-gm-2027-1-semestre,2
Estagiário de Projetos - EletroBidu Energia Solar,Não informado,https://inatel.br/estudante/vagas/estagiario-de-projetos-eletrobidu-energia-solar,2
ESTAGIÁRIO NÍVEL SUPERIOR - Grupo Energisa,Não informado,https://inatel.br/estudante/vagas/estagiario-nivel-superior-grupo-energisa,2
Programa de Estágio 2027 - Xcelis (Remoto),Não informado,https://inatel.br/estudante/vagas/programa-de-estagio-2027-xcelis-remoto,2
Estágio - Lighthouse Technology (LHT),Não informado,https://inatel.br/estudante/vagas/estagio-lighthouse-technology-lht,2
LEVTY - Trainee Tech,Não informado,https://inatel.br/estudante/vagas/levty-trainee-tech,3
Estágio | Comercial e Vendas -  IoTronic,Não informado,https://inatel.br/estudante/vagas/estagio-comercial-e-vendas-iotronic,3
ESTÁGIO EM ENGENHARIA BIOMÉDICA - Prefeitura de Contagem,MG,https://inatel.br/estudante/vagas/estagio-em-engenharia-biomedica-prefeitura-de-contagemmg,3
ESTÁGIO EM DADOS -  VML Enterprise Solutions,Não informado,https://inatel.br/estudante/vagas/estagio-em-dados-vml-enterprise-solutions,3
Estagiário - TÜV Rheinland Group,Não informado,https://inatel.br/estudante/vagas/estagiario-tuv-rheinland-group,3
Assistente Trainee | Graduation Recruitment Program - Midea Group,Não informado,https://inatel.br/estudante/vagas/assistente-trainee-graduation-recruitment-program-midea-group,3
Analista Técnico Jr (N1) - Método Telecom,Não informado,https://inatel.br/estudante/vagas/analista-tecnico-jr-n1-metodo-telecom,3
Estagiário de Engenharia - MONICA RAMOS,Não informado,https://inatel.br/estudante/vagas/estagiario-de-engenharia-monica-ramos,3
BRA Estagiario J6 - Santander Brasil,Não informado,https://inatel.br/estudante/vagas/bra-estagiario-j6-santander-brasil,3
PROGRAMA DE TRAINEE 2027 ISA ENERGIA BRASIL - HVDC,Não informado,https://inatel.br/estudante/vagas/programa-de-trainee-2027-isa-energia-brasil-hvdc,3
PROGRAMA DE TRAINEE 2027 ISA ENERGIA BRASIL - TI Sistemas,Não informado,https://inatel.br/estudante/vagas/programa-de-trainee-2027-isa-energia-brasil-ti-sistemas,3
PROGRAMA DE TRAINEE 2027 ISA ENERGIA BRASIL - Estratégia e Inovação,Não informado,https://inatel.br/estudante/vagas/programa-de-trainee-2027-isa-energia-brasil-estrategia-e-inovacao,3
PROGRAMA DE TRAINEE 2027 ISA ENERGIA BRASIL - Execução da Operação  Supervisão e Controle,Não informado,https://inatel.br/estudante/vagas/programa-de-trainee-2027-isa-energia-brasil-execucao-da-operacao-supervisao-e-controle,4
PROGRAMA DE TRAINEE 2027 ISA ENERGIA BRASIL - Engenharia da Manutenção Análise,Não informado,https://inatel.br/estudante/vagas/programa-de-trainee-2027-isa-energia-brasil-engenharia-da-manutencao-analise,4
TRAINEE UNIVERSITÁRIO - ENG. EMBARCADOS | Prática,Não informado,https://inatel.br/estudante/vagas/trainee-universitario-eng-embarcados-pratica,4
Estágio em Engenharia - MICHELIN,Não informado,https://inatel.br/estudante/vagas/estagio-em-engenharia-michelin,4
Estágio de Verão 2027 CPS -  Instituto de Pesquisas ELDORADO,Não informado,https://inatel.br/estudante/vagas/estagio-de-verao-2027-cps-instituto-de-pesquisas-eldorado,4
Estagiário(a) de Threat Intelligence - BTG Pactual,Não informado,https://inatel.br/estudante/vagas/estagiarioa-de-threat-intelligence-btg-pactual,4
Programa de Estágio iFuture 2027- iFood,Não informado,https://inatel.br/estudante/vagas/programa-de-estagio-ifuture-2027-ifood,4
ESTAGIÁRIO(A) DE DESENVOLVIMENTO DE FIRMWARE - Instituto Hardware BR - HBR,Não informado,https://inatel.br/estudante/vagas/estagiarioa-de-desenvolvimento-de-firmware-instituto-hardware-br-hbr,4
Estágio em Automação - Agricef,Não informado,https://inatel.br/estudante/vagas/estagio-em-automacao-agricef,4
Estagiário de Projetos - Code n'App (Remoto),Não informado,https://inatel.br/estudante/vagas/estagiario-de-projetos-code-napp-remoto,4
Estagiário(a) em Inovação e Tecnologia - Pif Paf Alimentos,Não informado,https://inatel.br/estudante/vagas/estagiarioa-em-inovacao-e-tecnologia-pif-paf-alimentos,4
Estagiário(a) de Customer Success - BigDataCorp (Remoto),Não informado,https://inatel.br/estudante/vagas/estagiarioa-de-customer-success-bigdatacorp-remoto,4
ESTÁGIO EM GESTÃO DA PRODUÇÃO  - TE Connectivity,Não informado,https://inatel.br/estudante/vagas/estagio-em-gestao-da-producao-te-connectivity,5
Estágio de Engenharia de Dados - Belgo Arames,Não informado,https://inatel.br/estudante/vagas/estagio-de-engenharia-de-dados-belgo-arames,5
Estágio em Engenharia - CP Kelco (Tate & Lyle),Não informado,https://inatel.br/estudante/vagas/estagio-em-engenharia-cp-kelco-tate-lyle,5
Estagiário(a) de Red Team - It4us Cyber Security,Não informado,https://inatel.br/estudante/vagas/estagiarioa-de-red-team-it4us-cyber-security,5
Suporte Técnico - CampoTech,Não informado,https://inatel.br/estudante/vagas/suporte-tecnico-campotech,5
Estágio em Telecomunicações - Hitachi,Não informado,https://inatel.br/estudante/vagas/estagio-em-telecomunicacoes-hitachi,5
Engenheiro(a) de Software Trainee - Levty (Viçosa,MG),https://inatel.br/estudante/vagas/engenheiroa-de-software-trainee-levty-vicosamg,5
Estágio em Desenvolvimento de Software - Entregui,Não informado,https://inatel.br/estudante/vagas/estagio-em-desenvolvimento-de-software-entregui,5
Vaga de Estágio - Comercial e Vendas - IoTronic,Não informado,https://inatel.br/estudante/vagas/vaga-de-estagio-comercial-e-vendas-iotronic,5
"TÉCNICO EM INFORMÁTICA -  Infraestrutura, Redes e Suporte - Grupo Copermed",Não informado,https://inatel.br/estudante/vagas/tecnico-em-informatica-infraestrutura-redes-e-suporte-grupo-copermed,5
Estagiário(a) de Engenharia - Propostas Técnicas - Atlas Copco Group,Não informado,https://inatel.br/estudante/vagas/estagiarioa-de-engenharia-propostas-tecnicas-atlas-copco-group,5
Estágio em Tecnologia (Help Desk) - Engineering Brasil,Não informado,https://inatel.br/estudante/vagas/estagio-em-tecnologia-help-desk-engineering-brasil,5
"Programa de Estágio - Tecnologia, Dados e Growth - Dr.Consulta",Não informado,https://inatel.br/estudante/vagas/programa-de-estagio-tecnologia-dados-e-growth-drconsulta,6
TRAINEE T.I (EXCLUSIVA PCD) - CAST,Não informado,https://inatel.br/estudante/vagas/trainee-ti-exclusiva-pcd-cast,6
Estagiária em Infraestrutura,Automatização - ArcelorMittal,https://inatel.br/estudante/vagas/estagiaria-em-infraestruturaautomatizacao-arcelormittal,6
Analista de Suporte CS -  Kaptas,Não informado,https://inatel.br/estudante/vagas/analista-de-suporte-cs-kaptas,6
Estagiário Desenvolvedor Full Stack - ProAero,Não informado,https://inatel.br/estudante/vagas/estagiario-desenvolvedor-full-stack-proaero,6
TÉCNICO DE ASSISTÊNCIA TÉCNICA - Nouvenn (Santa Rita do Sapucaí),Não informado,https://inatel.br/estudante/vagas/tecnico-de-assistencia-tecnica-nouvenn-santa-rita-do-sapucai,6
Estágio em Engenharia,Manutenção -  Fresenius Kabi Brasil,https://inatel.br/estudante/vagas/estagio-em-engenhariamanutencao-fresenius-kabi-brasil,6
Estagiário de TI - Vertem,Não informado,https://inatel.br/estudante/vagas/estagiario-de-ti-vertem,6
Estágio em Telecom | Engenharia - Remopt,Não informado,https://inatel.br/estudante/vagas/estagio-em-telecom-engenharia-remopt,6
Estágio em Desenvolvimento de Software | Inteligência Artificial - Samsung Brasil,Não informado,https://inatel.br/estudante/vagas/estagio-em-desenvolvimento-de-software-inteligencia-artificial-samsung-brasil,6
Estagiária,Estagiário | Engenharia (Verificação de Projetos) - Toledo do Brasil,https://inatel.br/estudante/vagas/estagiariaestagiario-engenharia-verificacao-de-projetos-toledo-do-brasil,6
Agile Master I - Levty,Não informado,https://inatel.br/estudante/vagas/agile-master-i-levty,6
Estágio Facilities - Engenharia e Arquitetura -  Stellantis Saúde,Não informado,https://inatel.br/estudante/vagas/estagio-facilities-engenharia-e-arquitetura-stellantis-saude,7
Estagiário de Engenharia Elétrica ou Energia - Engesol,Não informado,https://inatel.br/estudante/vagas/estagiario-de-engenharia-eletrica-ou-energia-engesol,7
Estagiário(a) em QA | Tecnologia & Produto - Loyalme by Cuponeria,Não informado,https://inatel.br/estudante/vagas/estagiarioa-em-qa-tecnologia-amp-produto-loyalme-by-cuponeria,7
Engenheiro(a) de Software | Assistente e Júnior - XP Inc.,Não informado,https://inatel.br/estudante/vagas/engenheiroa-de-software-assistente-e-junior-xp-inc,7
Estágio Engenharia de Projetos - ANDRITZ,Não informado,https://inatel.br/estudante/vagas/estagio-engenharia-de-projetos-andritz,7
Estágio em Desenvolvimento de Soluções de IA - Alunos do Inatel de TODOS OS CURSOS E PERÍODOS - Pouso Alegre,Não informado,https://inatel.br/estudante/vagas/estagio-em-desenvolvimento-de-solucoes-de-ia-alunos-do-inatel-de-todos-os-cursos-e-periodos-pouso-alegre,7
Estágio em Desenvolvimento Backend - Bemobi Wave,Não informado,https://inatel.br/estudante/vagas/estagio-em-desenvolvimento-backend-bemobi-wave,7
Estagiário em Desenvolvimento - Eletromidia,Não informado,https://inatel.br/estudante/vagas/estagiario-em-desenvolvimento-eletromidia,7
PROGRAMA DE ESTÁGIO | POUSO ALEGRE-MG | 2026 -  Iveco Group,Não informado,https://inatel.br/estudante/vagas/programa-de-estagio-pouso-alegre-mg-2026-iveco-group,7
"Estágio em Tecnologia - Automação, IA & Desenvolvimento - B4A",Não informado,https://inatel.br/estudante/vagas/estagio-em-tecnologia-automacao-ia-desenvolvimento-b4a,7
Estágio em Engenharias - Feeta,Não informado,https://inatel.br/estudante/vagas/estagio-em-engenharias-feeta,7
Estágio Superior| Redes e Telecomunicações - Aldak Tecnologia,Não informado,https://inatel.br/estudante/vagas/estagio-superior-redes-e-telecomunicacoes-aldak-tecnologia,7
Estágio de suporte em engenharia - Honeywell Technologies,Não informado,https://inatel.br/estudante/vagas/estagio-de-suporte-em-engenharia-honeywell-technologies,8
Engenheiro(a) de Software Júnior (Python,Node.js/IA/automação) - SoftExpert,https://inatel.br/estudante/vagas/engenheiroa-de-software-junior-pythonnodejsiaautomacao-softexpert,8
Estágio em Desenvolvimento de Software - NPDI,FAI,https://inatel.br/estudante/vagas/estagio-em-desenvolvimento-de-software-npdifai,8
Estágio de Desenvolvimento | C# ou Go (Golang) + Angular - Korp ERP,Não informado,https://inatel.br/estudante/vagas/estagio-de-desenvolvimento-c-ou-go-golang-+-angular-korp-erp,8
"Engenheiro(a) de Desenvolvimento de Software Estagiário(a), Aquisição de Talentos Universitários da Amazon",Não informado,https://inatel.br/estudante/vagas/engenheiroa-de-desenvolvimento-de-software-estagiarioa-aquisicao-de-talentos-universitarios-da-amazon,8
Estagiário na área de Engenharia de Telecomunicações - Master Services TN,Não informado,https://inatel.br/estudante/vagas/estagiario-na-area-de-engenharia-de-telecomunicacoes-master-services-tn,8
Estágio em Telecomunicações - Hitachi Energy,Não informado,https://inatel.br/estudante/vagas/estagio-em-telecomunicacoes-hitachi-energy,8
Estagiário de Engenharia de Hardware - DDMX,Não informado,https://inatel.br/estudante/vagas/estagiario-de-engenharia-de-hardware-ddmx,8
Estágio em Desenvolvimento de Software - Thales,Não informado,https://inatel.br/estudante/vagas/estagio-em-desenvolvimento-de-software-thales,8
Estágio em Engenharia,Gestão de Processos - Helibras,https://inatel.br/estudante/vagas/estagio-em-engenharia-gestao-de-processos-helibras,8
Assistente Trainee | Graduation Recruitment Program - Midea,Não informado,https://inatel.br/estudante/vagas/assistente-trainee-graduation-recruitment-program-midea,8
Estágio Automação - ANDRITZ,Não informado,https://inatel.br/estudante/vagas/estagio-automacao-andritz,8
Estágio em Engenharia (Intertravamento) - Alstom,Não informado,https://inatel.br/estudante/vagas/estagio-em-engenharia-intertravamento-alstom,9
Estagiário (TI),Suporte a Sistemas N1 - Voke,https://inatel.br/estudante/vagas/estagiario-ti-suporte-a-sistemas-n1-voke,9
Estágio Técnico em Eletrônica - ETE,Não informado,https://inatel.br/estudante/vagas/estagio-tecnico-em-eletronica-ete,9
Estágio em Desenvolvimento de Aplicativos Flutter - Irritron (Santa Rita do Sapucaí),Não informado,https://inatel.br/estudante/vagas/estagio-em-desenvolvimento-de-aplicativos-flutter-irritron-santa-rita-do-sapucai,9
Engenheiro de Desenvolvimento de Firmware | P&D de Semicondutores -  ZILIA Technologies,Não informado,https://inatel.br/estudante/vagas/engenheiro-de-desenvolvimento-de-firmware-pd-de-semicondutores-zilia-technologies,9
Estágio Técnico em Engenharia - Ecogen Brasil,Não informado,https://inatel.br/estudante/vagas/estagio-tecnico-em-engenharia-ecogen-brasil,9
Estagiário(a) Engenharia de Software Backend - SmartEnvios,Não informado,https://inatel.br/estudante/vagas/estagiarioa-engenharia-de-software-backend-smartenvios,9
Desenvolvedor de Soluções de IA - LG Electronics Brasil,Não informado,https://inatel.br/estudante/vagas/desenvolvedor-de-solucoes-de-ia-lg-electronics-brasil,9
Estagiário em Qualidade - Eletromidia,Não informado,https://inatel.br/estudante/vagas/estagiario-em-qualidade-eletromidia,9
Estagiário de engenharia - SSA Soluções Em Sistemas Automotivos Ltda,Não informado,https://inatel.br/estudante/vagas/estagiario-de-engenharia-ssa-solucoes-em-sistemas-automotivos-ltda,9
Programa de Estágio em Automação de Processos | Smarthis,Não informado,https://inatel.br/estudante/vagas/programa-de-estagio-em-automacao-de-processos-smarthis,9
Desenvolvedor Full Stack - Syonet (Remoto),Não informado,https://inatel.br/estudante/vagas/desenvolvedor-full-stack-syonet-remoto,9
Programa Estágio de Férias 2027.1 - BTG Pactual,Não informado,https://inatel.br/estudante/vagas/programa-estagio-de-ferias-20271-btg-pactual,10
"Desenvolvedor(a) de Software Júnior - BW ADESIVOS Pouso Alegre, MG",Não informado,https://inatel.br/estudante/vagas/desenvolvedora-de-software-junior-bw-adesivos-pouso-alegre-mg,10
Estágio em Engenharia - Trimble Inc.,Não informado,https://inatel.br/estudante/vagas/estagio-em-engenharia-trimble-inc,10
Trainne Analista de Redes -  Edge UOL,Não informado,https://inatel.br/estudante/vagas/trainne-analista-de-redes-edge-uol,10
Estagiário(a) em Inteligência Artificial - BTG Pactual,Não informado,https://inatel.br/estudante/vagas/estagiarioa-em-inteligencia-artificial-btg-pactual,10
Estagiário (a) Superior | Excelência Operacional - Einstein Hospital Israelita,Não informado,https://inatel.br/estudante/vagas/estagiario-a-superior-excelencia-operacional-einstein-hospital-israelita,10
Técnico de Ensaios II (Junior) - Bureau Veritas,Não informado,https://inatel.br/estudante/vagas/tecnico-de-ensaios-ii-junior-bureau-veritas,10
Ensino e Pesquisa - Estágio IC e FETIN - Inatel (recebendo Inscrições),Não informado,https://inatel.br/estudante/vagas/ensino-e-pesquisa-estagio-ic-e-fetin-inatel-recebendo-inscricoes,10
CIDC - Estágio em Redes Móveis - Inatel (recebendo inscrições),Não informado,https://inatel.br/estudante/vagas/cidc-estagio-em-redes-moveis-inatel-recebendo-inscricoes,10
Estágio em Desenvolvimento - Nordware I Remoto,Não informado,https://inatel.br/estudante/vagas/estagio-em-desenvolvimento-nordware-i-remoto,10
Estagiário (Digital Solutions) - Ausenco,Não informado,https://inatel.br/estudante/vagas/estagiario-digital-solutions-ausenco,10
Estagiário(a) de Engenharia Elétrica - ENPRODES,Não informado,https://inatel.br/estudante/vagas/estagiarioa-de-engenharia-eletrica-enprodes,10
